use qltv_ptud
go
insert into account values
('admin', N'Đào Phương Hoa', '12345678'),
('trungtunguyen',N'Nguyễn Trung Tú', '01234567'),
('lanhoangpham', N'Phạm Hoàng Lan','23456789')

INSERT INTO nxb VALUES
('NXB001',N'Nhà Xuất Bản Trẻ','info@nxbtre.com.vn'),
('NXB002',N'Nhà Xuất Bản Kim Đồng','lienhe@nxbkimdong.com.vn'),
('NXB003',N'Nhà Xuất Bản Văn Học','vanhoc@nxbvanhoc.com.vn'),
('NXB004',N'Nhà Xuất Bản Thế Giới','contact@nxbthegioi.com.vn'),
('NXB005',N'Nhà Xuất Bản Phụ Nữ','phunu@nxbphunu.com.vn'),
('NXB006',N'Nhà Xuất Bản Hội Nhà Văn','lienhe@nxbhoinhavan.com.vn'),
('NXB007',N'Nhà Xuất Bản Tri Thức','info@nxbtrithuc.com.vn'),
('NXB008',N'Nhà Xuất Bản Đại Học Quốc Gia Hà Nội','nxb@vnu.edu.vn'),
('NXB009',N'Nhà Xuất Bản Thông Tấn','ttxv@thongtan.vn'),
('NXB010',N'Nhà Xuất Bản Lao Động','nxb@laodong.com.vn')

-- select * from nxb
INSERT INTO tac_gia VALUES
('TG001',N'Nguyễn Du',N'1766'),
('TG002',N'Hồ Xuân Hương',N'1772'),
('TG003',N'Tố Hữu',N'1920'),
('TG004',N'Xuân Diệu',N'1916'),
('TG005',N'Hàn Mặc Tử',N'1912'),
('TG006',N'Nguyễn Đình Thi',N'1924'),
('TG007',N'Nam Cao',N'1915'),
('TG008',N'Ngô Tất Tố',N'1893'),
('TG009',N'Nguyễn Nhật Ánh',N'1955'),
('TG010',N'Bảo Ninh',N'1952'),
('TG011',N'Nguyễn Minh Châu',N'1930'),
('TG012',N'Vũ Trọng Phụng',N'1912'),
('TG013',N'Lê Lựu',N'1942'),
('TG014',N'Phan Huy Ích',N'1751'),
('TG015',N'Trần Đăng Khoa',N'1958'),
('TG016',N'Ma Văn Kháng',N'1936'),
('TG017',N'Phạm Tiến Duật',N'1941'),
('TG018',N'Nguyễn Khải',N'1930'),
('TG019',N'Thạch Lam',N'1910'),
('TG020',N'Nguyễn Huy Thiệp',N'1950'),
('TG021',N'Nguyễn Bính',N'1918'),
('TG022',N'Chế Lan Viên',N'1920'),
('TG023',N'Vũ Bằng',N'1913'),
('TG024',N'Nguyễn Tuân',N'1910'),
('TG025',N'Tô Hoài',N'1920'),
('TG026',N'Lưu Quang Vũ',N'1948'),
('TG027',N'Phạm Ngọc Thái',N'1952'),
('TG028',N'Đoàn Giỏi',N'1925'),
('TG029',N'Nguyễn Duy',N'1948'),
('TG030',N'Quang Dũng',N'1921'),
('TG031',N'Nguyễn Ngọc Tư',N'1976'),
('TG032',N'Anh Thơ',N'1918'),
('TG033',N'Tô Ngọc Vân',N'1906'),
('TG034',N'Huy Cận',N'1919'),
('TG035',N'Bùi Giáng',N'1926'),
('TG036',N'Thế Lữ',N'1907'),
('TG037',N'Lê Đạt',N'1929'),
('TG038',N'Thanh Tịnh',N'1911'),
('TG039',N'Hoàng Cầm',N'1922'),
('TG040',N'Xuân Quỳnh',N'1942'),
('TG041',N'Phan Bội Châu',N'1867'),
('TG042',N'Phan Châu Trinh',N'1872'),
('TG043',N'Tản Đà',N'1889'),
('TG044',N'Nguyễn Văn Siêu',N'1799'),
('TG045',N'Tú Xương',N'1870'),
('TG046',N'Bằng Việt',N'1941'),
('TG047',N'Vũ Tú Nam',N'1929'),
('TG048',N'Phạm Quỳnh',N'1892'),
('TG049',N'Nguyễn Bá Học',N'1857'),
('TG050',N'Phạm Đình Hổ',N'1768'),
('TG051',N'Lưu Trọng Lư',N'1911'),
('TG052',N'Hoàng Ngọc Phách',N'1896'),
('TG053',N'Nguyễn Vỹ',N'1912'),
('TG054',N'Hữu Loan',N'1916'),
('TG055',N'Vũ Hoàng Chương',N'1916'),
('TG056',N'Đỗ Phủ',N'1969'),
('TG057',N'Tô Hải',N'1927'),
('TG058',N'Nhất Linh',N'1906'),
('TG059',N'Khái Hưng',N'1896'),
('TG060',N'Lê Văn Trương',N'1905'),
('TG061',N'Lev Tolstoy',N'1828'),
('TG062',N'Fyodor Dostoevsky',N'1821'),
('TG063',N'Victor Hugo',N'1802'),
('TG064',N'Charles Dickens',N'1812'),
('TG065',N'Franz Kafka',N'1883'),
('TG066',N'Ernest Hemingway',N'1899'),
('TG067',N'Gabriel García Márquez',N'1927'),
('TG068',N'George Orwell',N'1903'),
('TG069',N'William Faulkner',N'1897'),
('TG070',N'Haruki Murakami',N'1949'),
('TG071',N'Albert Camus',N'1913'),
('TG072',N'Leo Tolstoy',N'1828'),
('TG073',N'Hermann Hesse',N'1877'),
('TG074',N'J.R.R. Tolkien',N'1892'),
('TG075',N'J.K. Rowling',N'1965'),
('TG076',N'Mark Twain',N'1835'),
('TG077',N'Jane Austen',N'1775'),
('TG078',N'Emily Brontë',N'1818'),
('TG079',N'Franz Kafka',N'1883'),
('TG080',N'Virginia Woolf',N'1882'),
('TG081',N'Lỗ Tấn (Lu Xun)',N'1881'),
('TG082',N'Tào Tuyết Cần',N'1715'),
('TG083',N'Mạc Ngôn',N'1955'),
('TG084',N'Kim Dung',N'1924'),
('TG085',N'Lý Bạch',N'701'),
('TG086',N'Đỗ Phủ',N'712'),
('TG087',N'Kenzaburo Oe',N'1935'),
('TG088',N'Yukio Mishima',N'1925'),
('TG089',N'Natsume Soseki',N'1867'),
('TG090',N'Ryunosuke Akutagawa',N'1892'),
('TG091',N'Kawabata Yasunari',N'1899'),
('TG092',N'Banana Yoshimoto',N'1964'),
('TG093',N'Eileen Chang (Trương Ái Linh)',N'1920'),
('TG094',N'Cao Hành Kiện',N'1940'),
('TG095',N'Mo Hayder',N'1962'),
('TG096',N'Kenji Miyazawa',N'1896'),
('TG097',N'Junichiro Tanizaki',N'1886'),
('TG098',N'Murasaki Shikibu',N'973'),
('TG099',N'Lu Tung',N'790'),
('TG100',N'Qiu Xiaolong',N'1953')

INSERT INTO the_loai VALUES
('TL01',N'Tạp chí '),
('TL02',N'Giáo trình')

INSERT INTO chu_de VALUES
('CD001',N'Thơ'),
('CD002',N'Truyện ngắn'),
('CD003',N'Tiểu thuyết'),
('CD004',N'Thiếu nhi'),
('CD005',N'Kịch'),
('CD006',N'Tản văn'),
('CD007',N'Hồi ký'),
('CD008',N'Văn xuôi'),
('CD009',N'Văn học trẻ em'),
('CD010',N'Tiểu thuyết lịch sử'),
('CD011',N'Khoa học viễn tưởng'),
('CD012',N'Phiêu lưu'),
('CD013',N'Tâm lý'),
('CD014',N'Tâm linh'),
('CD015',N'Lịch sử'),
('CD016',N'Chính trị'),
('CD017',N'Kinh tế'),
('CD018',N'Khoa học'),
('CD019',N'Văn học thiếu nhi'),
('CD020',N'Nghệ thuật'),
('CD021',N'Triết học'),
('CD022',N'Du lịch'),
('CD023',N'Công nghệ'),
('CD024',N'Xã hội'),
('CD025',N'Sinh học')

INSERT INTO KE_SACH VALUES
('KS001',N'Sách Việt văn'),
('KS002',N'Sách Nước ngoài'),
('KS003',N'Giáo trình'),
('KS004',N'Tài liệu đọc thêm'),
('KS005',N'Sách Tham khảo'),
('KS006',N'Sách Học thuật'),
('KS007',N'Sách Phát triển bản thân'),
('KS008',N'Sách Kỹ năng'),
('KS009',N'Sách Chuyên ngành'),
('KS010',N'Sách Tổng hợp')

INSERT INTO KHOA_VIEN VALUES
('HTTTQL',N'Hệ thống thông tin quản lý'),
('NHTC',N'Ngân hàng tài chính'),
('MKT',N'Marketing'),
('QTDLKS',N'Quản trị du lịch và khách sạn'),
('QTKD',N'Quản trị kinh doanh'),
('TMKTQT',N'Thương mại và kinh tế quốc tế'),
('KEKIEM',N'Kế toán kiểm toán'),
('BDSKTTN',N'Bất động sản và kinh tế tài nguyên'),
('THONGKE',N'Thống kê'),
('BH',N'Bảo hiểm'),
('MTDT',N'Môi trường, biến đổi khí hậu và đô thị'),
('TOANKT',N'Toán kinh tế'),
('KHQL',N'Khoa học quản lý'),
('NGOAINGU',N'Ngoại ngữ kinh tế')

INSERT INTO LOP_CHUYEN_NGANH VALUES
('HTQL64',N'HỆ THỐNG THÔNG TIN QUẢN LÝ 64',N'HTTTQL'),
('TCNH64',N'TÀI CHÍNH NGÂN HÀNG 64',N'NHTC'),
('MAR63',N'MARKETING 63',N'MKT'),
('QTKS64',N'QUẢN TRỊ KHÁCH SẠN 64',N'QTDLKS'),
('ESOM64',N'QUẢN TRỊ ĐIỀU HÀNH THÔNG MINH 64',N'QTKD'),
('KDQT64',N'KINH DOANH QUỐC TẾ 64',N'TMKTQT'),
('TMDT64',N'THƯƠNG MẠI ĐIỆN TỬ 64',N'QTKD'),
('KDTM63',N'KINH DOANH THƯƠNG MẠI 63',N'TMKTQT'),
('QTDL64',N'QUẢN TRỊ DỊCH VỤ DU LỊCH VÀ LỮ HÀNH 64',N'QTDLKS'),
('LOG64',N'LOGISTIC 64',N'TMKTQT'),
('KITOAN64',N'KIỂM TOÁN 64',N'KEKIEM'),
('MAR64',N'MARKETING 64',N'MKT'),
('BDS64',N'BẤT ĐỘNG SẢN 64',N'BDSKTTN'),
('TKE64',N'THỐNG KÊ KINH TẾ 64',N'THONGKE'),
('BAOHIEM64',N'BẢO HIỂM 64',N'BH'),
('KTQT64',N'KINH TẾ QUỐC TẾ 64',N'TMKTQT'),
('KTDT64',N'KINH TẾ VÀ QUẢN LÝ ĐÔ THỊ 64',N'MTDT'),
('BAOHIEM63',N'BẢO HIỂM 63',N'BH'),
('QTKD64',N'QUẢN TRỊ KINH DOANH 64',N'QTKD'),
('DSEB64',N'KHOA HỌC DL TRONG KTKD 64',N'TOANKT'),
('CNTT64',N'CÔNG NGHỆ THÔNG TIN 64',N'HTTTQL'),
('QLDD64',N'QUẢN LÝ ĐẤT ĐAI 64',N'BDSKTTN'),
('KETOAN64',N'KẾ TOÁN 64',N'KEKIEM'),
('KHMT63',N'KHOA HỌC MÁY TÍNH 63',N'HTTTQL'),
('KTTNMT63',N'KINH TẾ TÀI NGUYÊN MÔI TRƯỜNG 63',N'MTDT'),
('QLC64',N'QUẢN LÝ CÔNG 64',N'KHQL'),
('TKE63',N'THỐNG KÊ KINH TẾ 63',N'THONGKE'),
('TOANKT64',N'TOÁN KINH TẾ',N'TOANKT'),
('NNA64',N'NGÔN NGỮ ANH 64',N'NGOAINGU'),
('QTKD63',N'QUẢN TRỊ KINH DOANH 63',N'QTKD'),
('ACT64',N'ĐỊNH PHÍ BẢO HIỂM VÀ QUẢN TRỊ RỦI RO 64',N'TOANKT')

INSERT INTO DAU_SACH VALUES
('DS001',N'Chí Phèo',N'200',N'TG001',N'TL01',N'NXB001',N'CD001',N'120000'),
('DS002',N'Lão Hạc',N'150',N'TG002',N'TL01',N'NXB002',N'CD001',N'90000'),
('DS003',N'Những ngôi sao xa xôi',N'250',N'TG003',N'TL02',N'NXB003',N'CD001',N'130000'),
('DS004',N'Đắc Nhân Tâm',N'300',N'TG004',N'TL01',N'NXB001',N'CD007',N'150000'),
('DS005',N'Giáo trình Toán học',N'400',N'TG005',N'TL02',N'NXB002',N'CD003',N'250000'),
('DS006',N'1984',N'350',N'TG006',N'TL01',N'NXB003',N'CD002',N'180000'),
('DS007',N'Tìm lại chính mình',N'320',N'TG007',N'TL01',N'NXB001',N'CD007',N'140000'),
('DS008',N'Lịch sử văn minh thế giới',N'500',N'TG008',N'TL02',N'NXB002',N'CD004',N'220000'),
('DS009',N'Kỹ năng mềm',N'280',N'TG009',N'TL02',N'NXB003',N'CD008',N'160000'),
('DS010',N'Những điều kỳ diệu',N'220',N'TG010',N'TL01',N'NXB001',N'CD002',N'110000'),
('DS011',N'Sống như người Nhật',N'250',N'TG011',N'TL01',N'NXB002',N'CD007',N'130000'),
('DS012',N'Vượt lên chính mình',N'270',N'TG012',N'TL02',N'NXB003',N'CD007',N'150000'),
('DS013',N'Tư duy nhanh và chậm',N'480',N'TG013',N'TL01',N'NXB001',N'CD006',N'200000'),
('DS014',N'Kinh tế học',N'600',N'TG014',N'TL02',N'NXB002',N'CD004',N'300000'),
('DS015',N'Bước nhảy vọt',N'320',N'TG015',N'TL01',N'NXB003',N'CD003',N'170000'),
('DS016',N'Đường tới thành công',N'280',N'TG016',N'TL02',N'NXB001',N'CD007',N'190000'),
('DS017',N'Cuốn theo chiều gió',N'400',N'TG017',N'TL02',N'NXB002',N'CD002',N'240000'),
('DS018',N'Nghiên cứu tài chính',N'450',N'TG018',N'TL01',N'NXB003',N'CD006',N'260000'),
('DS019',N'Tạo lập thói quen tốt',N'300',N'TG019',N'TL02',N'NXB001',N'CD008',N'150000'),
('DS020',N'50 quy tắc vàng trong quản lý',N'320',N'TG020',N'TL01',N'NXB002',N'CD006',N'180000'),
('DS021',N'Tiếng chim hót trong bụi mận gai',N'300',N'TG002',N'TL02',N'NXB001',N'CD001',N'130000'),
('DS022',N'Ngày xưa có một chuyện',N'280',N'TG005',N'TL01',N'NXB003',N'CD001',N'140000'),
('DS023',N'Mắt biếc',N'200',N'TG005',N'TL02',N'NXB002',N'CD001',N'120000'),
('DS024',N'Hạt giống tâm hồn',N'320',N'TG004',N'TL02',N'NXB001',N'CD007',N'150000'),
('DS025',N'Những kẻ mộng mơ',N'250',N'TG006',N'TL01',N'NXB003',N'CD001',N'130000'),
('DS026',N'Đời thơ của Phạm Tiến Duật',N'200',N'TG017',N'TL02',N'NXB002',N'CD007',N'140000'),
('DS027',N'Thế giới phẳng',N'350',N'TG014',N'TL02',N'NXB001',N'CD008',N'220000'),
('DS028',N'Bản đồ tư duy',N'270',N'TG011',N'TL01',N'NXB003',N'CD006',N'160000'),
('DS029',N'Đời sống mới',N'250',N'TG020',N'TL02',N'NXB002',N'CD008',N'170000'),
('DS030',N'Hành trình về phương Đông',N'400',N'TG013',N'TL02',N'NXB001',N'CD001',N'230000'),
('DS031',N'The Great Gatsby',N'180',N'TG021',N'TL01',N'NXB004',N'CD002',N'200000'),
('DS032',N'To Kill a Mockingbird',N'324',N'TG022',N'TL01',N'NXB004',N'CD002',N'210000'),
('DS033',N'Sapiens: A Brief History of Humankind',N'328',N'TG023',N'TL02',N'NXB005',N'CD002',N'220000'),
('DS034',N'The Catcher in the Rye',N'277',N'TG024',N'TL02',N'NXB005',N'CD002',N'250000'),
('DS035',N'Pride and Prejudice',N'432',N'TG025',N'TL02',N'NXB006',N'CD002',N'230000'),
('DS036',N'Animal Farm',N'112',N'TG026',N'TL01',N'NXB004',N'CD002',N'150000'),
('DS037',N'The Alchemist',N'208',N'TG027',N'TL02',N'NXB006',N'CD002',N'190000'),
('DS038',N'Sapiens: A Brief History of Humankind',N'400',N'TG028',N'TL02',N'NXB005',N'CD006',N'260000'),
('DS039',N'The Diary of a Young Girl',N'283',N'TG029',N'TL02',N'NXB006',N'CD002',N'200000'),
('DS040',N'The Fault in Our Stars',N'313',N'TG030',N'TL01',N'NXB007',N'CD002',N'210000'),
('DS041',N'Giáo trình Kinh tế vi mô',N'450',N'TG031',N'TL02',N'NXB008',N'CD003',N'250000'),
('DS042',N'Giáo trình Kinh tế vĩ mô',N'480',N'TG032',N'TL01',N'NXB008',N'CD003',N'260000'),
('DS043',N'Giáo trình Marketing',N'400',N'TG033',N'TL02',N'NXB009',N'CD003',N'240000'),
('DS044',N'Giáo trình Tài chính doanh nghiệp',N'500',N'TG034',N'TL01',N'NXB009',N'CD003',N'270000'),
('DS045',N'Giáo trình Quản trị kinh doanh',N'550',N'TG035',N'TL02',N'NXB010',N'CD003',N'280000'),
('DS046',N'Giáo trình Thống kê kinh tế',N'420',N'TG036',N'TL02',N'NXB010',N'CD003',N'230000'),
('DS047',N'Giáo trình Nguyên lý kế toán',N'400',N'TG037',N'TL01',N'NXB002',N'CD003',N'220000'),
('DS048',N'Giáo trình Phân tích báo cáo tài chính',N'450',N'TG038',N'TL02',N'NXB001',N'CD003',N'240000'),
('DS049',N'Giáo trình Quản lý dự án',N'380',N'TG039',N'TL01',N'NXB004',N'CD003',N'250000'),
('DS050',N'Giáo trình Quản lý nhân sự',N'460',N'TG040',N'TL01',N'NXB004',N'CD003',N'230000'),
('DS051',N'Giáo trình Cơ học',N'600',N'TG041',N'TL01',N'NXB005',N'CD003',N'320000'),
('DS052',N'Giáo trình Vật lý đại cương',N'500',N'TG042',N'TL02',N'NXB005',N'CD003',N'310000'),
('DS053',N'Giáo trình Điện tử học',N'480',N'TG043',N'TL02',N'NXB006',N'CD003',N'300000'),
('DS054',N'Giáo trình Kỹ thuật điều khiển',N'550',N'TG044',N'TL02',N'NXB004',N'CD003',N'290000'),
('DS055',N'Giáo trình Xây dựng',N'700',N'TG045',N'TL02',N'NXB006',N'CD003',N'350000'),
('DS056',N'Giáo trình Công nghệ thông tin',N'600',N'TG046',N'TL01',N'NXB005',N'CD003',N'330000'),
('DS057',N'Giáo trình Tính toán kỹ thuật',N'500',N'TG047',N'TL01',N'NXB006',N'CD003',N'280000'),
('DS058',N'Giáo trình Vẽ kỹ thuật',N'400',N'TG048',N'TL01',N'NXB007',N'CD003',N'240000'),
('DS059',N'Giáo trình Kỹ thuật máy tính',N'450',N'TG049',N'TL01',N'NXB008',N'CD003',N'290000'),
('DS060',N'Giáo trình Hệ thống thông tin',N'530',N'TG050',N'TL02',N'NXB008',N'CD003',N'300000')

-- select * from sach
INSERT INTO SACH VALUES
('S001',N'Có sẵn',N'DS001',N'KS001'),
('S002',N'Có sẵn',N'DS002',N'KS002'),
('S003',N'Mất',N'DS003',N'KS003'),
('S004',N'Có sẵn',N'DS004',N'KS001'),
('S005',N'Mất',N'DS005',N'KS002'),
('S006',N'Có sẵn',N'DS006',N'KS001'),
('S007',N'Có sẵn',N'DS007',N'KS003'),
('S008',N'Có sẵn',N'DS008',N'KS002'),
('S009',N'Có sẵn',N'DS009',N'KS001'),
('S010',N'Mất',N'DS010',N'KS003'),
('S011',N'Có sẵn',N'DS011',N'KS002'),
('S012',N'Có sẵn',N'DS012',N'KS001'),
('S013',N'Mất',N'DS013',N'KS003'),
('S014',N'Có sẵn',N'DS014',N'KS002'),
('S015',N'Có sẵn',N'DS015',N'KS001'),
('S016',N'Có sẵn',N'DS016',N'KS003'),
('S017',N'Có sẵn',N'DS017',N'KS002'),
('S018',N'Mất',N'DS018',N'KS001'),
('S019',N'Có sẵn',N'DS019',N'KS003'),
('S020',N'Có sẵn',N'DS020',N'KS002'),
('S021',N'Mất',N'DS021',N'KS001'),
('S022',N'Có sẵn',N'DS022',N'KS003'),
('S023',N'Có sẵn',N'DS023',N'KS002'),
('S024',N'Có sẵn',N'DS024',N'KS001'),
('S025',N'Mất',N'DS025',N'KS003'),
('S026',N'Có sẵn',N'DS026',N'KS002'),
('S027',N'Có sẵn',N'DS027',N'KS001'),
('S028',N'Mất',N'DS028',N'KS003'),
('S029',N'Có sẵn',N'DS029',N'KS002'),
('S030',N'Có sẵn',N'DS030',N'KS001'),
('S031',N'Có sẵn',N'DS031',N'KS003'),
('S032',N'Có sẵn',N'DS032',N'KS002'),
('S033',N'Mất',N'DS033',N'KS001'),
('S034',N'Có sẵn',N'DS034',N'KS003'),
('S035',N'Có sẵn',N'DS035',N'KS002'),
('S036',N'Có sẵn',N'DS036',N'KS001'),
('S037',N'Mất',N'DS037',N'KS003'),
('S038',N'Có sẵn',N'DS038',N'KS002'),
('S039',N'Có sẵn',N'DS039',N'KS001'),
('S040',N'Có sẵn',N'DS040',N'KS003'),
('S041',N'Có sẵn',N'DS041',N'KS002'),
('S042',N'Mất',N'DS042',N'KS001'),
('S043',N'Có sẵn',N'DS043',N'KS003'),
('S044',N'Có sẵn',N'DS044',N'KS002'),
('S045',N'Có sẵn',N'DS045',N'KS001'),
('S046',N'Mất',N'DS046',N'KS003'),
('S047',N'Có sẵn',N'DS047',N'KS002'),
('S048',N'Có sẵn',N'DS048',N'KS001'),
('S049',N'Mất',N'DS049',N'KS003'),
('S050',N'Có sẵn',N'DS050',N'KS002'),
('S051',N'Có sẵn',N'DS051',N'KS001'),
('S052',N'Có sẵn',N'DS052',N'KS003'),
('S053',N'Có sẵn',N'DS053',N'KS002'),
('S054',N'Mất',N'DS054',N'KS001'),
('S055',N'Có sẵn',N'DS055',N'KS003'),
('S056',N'Có sẵn',N'DS056',N'KS002'),
('S057',N'Mất',N'DS057',N'KS001'),
('S058',N'Có sẵn',N'DS058',N'KS003'),
('S059',N'Có sẵn',N'DS059',N'KS002'),
('S060',N'Có sẵn',N'DS060',N'KS001')

INSERT INTO DOC_GIA VALUES
('DG001',N'Nguyễn Văn An',N'HTQL64',N'901234567',N'SV'),
('DG002',N'Trần Thị Bình',N'TCNH64',N'909876543',N'SV'),
('DG003',N'Lê Văn Cường',N'MAR63',N'912345678',N'SV'),
('DG004',N'Phạm Thị Duyên',N'QTKS64',N'923456789',N'SV'),
('DG005',N'Võ Văn Em',N'ESOM64',N'934567890',N'SV'),
('DG006',N'Đỗ Thị Ngát',N'KDQT64',N'945678901',N'SV'),
('DG007',N'Hoàng Văn Giang',N'TMDT64',N'956789012',N'SV'),
('DG008',N'Bùi Thị Hoa',N'KDTM63',N'967890123',N'SV'),
('DG009',N'Nguyễn Văn Hưng',N'QTDL64',N'978901234',N'SV'),
('DG010',N'Trần Thị Ý',N'LOG64',N'989012345',N'SV'),
('DG011',N'Lê Văn Khải',N'KITOAN64',N'990123456',N'SV'),
('DG012',N'Phạm Thị Lan',N'MAR64',N'901234568',N'SV'),
('DG013',N'Võ Văn Minh',N'BDS64',N'901234569',N'SV'),
('DG014',N'Đỗ Thị Ngọc',N'TKE64',N'901234570',N'SV'),
('DG015',N'Hoàng Văn Phát',N'QTKD64',N'901234571',N'SV'),
('DG016',N'Nguyễn Thị Lệ',N'HTQL64',N'901234572',N'SV'),
('DG017',N'Trần Văn Sơn',N'TCNH64',N'901234573',N'SV'),
('DG018',N'Lê Thị Bích',N'MAR63',N'901234574',N'SV'),
('DG019',N'Phạm Văn Tài',N'QTKS64',N'901234575',N'SV'),
('DG020',N'Nguyễn Thị Hương',N'ESOM64',N'901234576',N'SV'),
('DG021',N'Đỗ Văn Hòa',N'KDQT64',N'901234577',N'SV'),
('DG022',N'Trần Thị Mỹ',N'TMDT64',N'901234578',N'SV'),
('DG023',N'Bùi Văn Tiến',N'KDTM63',N'901234579',N'SV'),
('DG024',N'Lê Văn Đức',N'QTDL64',N'901234580',N'SV'),
('DG025',N'Hoàng Thị Lan',N'LOG64',N'901234581',N'SV'),
('DG026',N'Nguyễn Minh Tuấn',null,N'901234582',N'GV'),
('DG027',N'Trần Thị Nhi',N'MAR64',N'901234583',N'SV'),
('DG028',N'Lê Văn Hải',N'BDS64',N'901234584',N'SV'),
('DG029',N'Phạm Văn Cường',N'TKE64',N'901234585',N'SV'),
('DG030',N'Nguyễn Thị Mộng',N'QTKD64',N'901234586',N'SV'),
('DG031',N'Đỗ Văn Kiên',N'HTQL64',N'901234587',N'SV'),
('DG032',N'Trần Thị Phương',N'TCNH64',N'901234588',N'SV'),
('DG033',N'Lê Văn Hoàng',N'MAR63',N'901234589',N'SV'),
('DG034',N'Phạm Thị Quyên',N'QTKS64',N'901234590',N'SV'),
('DG035',N'Võ Văn Tâm',null,N'901234591',N'GV'),
('DG036',N'Đỗ Thị Ngọc Anh',N'KDQT64',N'901234592',N'SV'),
('DG037',N'Hoàng Văn Sơn',N'TMDT64',N'901234593',N'SV'),
('DG038',N'Bùi Thị Yến',N'KDTM63',N'901234594',N'SV'),
('DG039',N'Nguyễn Văn Nghĩa',N'QTDL64',N'901234595',N'SV'),
('DG040',N'Trần Thị Trâm',N'LOG64',N'901234596',N'SV')

-- select * from thu_thu
insert into THU_THU values
('TT001',N'Đào Phương Hoa',N'0123487321',N'dphtt@gmail.com'),
('TT002',N'Nguyễn Tần Phát',N'0929734123',N'ntptt@gmail.com'),
('TT003',N'Trần Linh Chi',N'0983837282',N'tlctt@gmail.com'),
('TT004',N'Nguyễn Trung Tú',N'0838212332',N'ntttt@gmail.com'),
('TT005',N'Phạm Hoàng Lan',N'0356829192',N'phltt@gmail.com')

insert into KIEU_MUON values 
('MV',N'Mượn về'),
('TP',N'Tại phòng')
-- select * from kieu_muon
-- select * from phieu_muon
insert into PHIEU_MUON values
('PM00250','DG001','MV','2024-10-24',null,'TT001'),
('PM00001','DG001','MV','2024-08-12','2024-08-27','TT001'),
('PM00002','DG002','TP','2024-08-13','2024-08-13','TT002'),
('PM00003','DG003','TP','2024-08-14','2024-08-14','TT003'),
('PM00004','DG004','TP','2024-08-15','2024-08-15','TT004'),
('PM00005','DG005','MV','2024-08-16','2024-08-31','TT005'),
('PM00006','DG006','TP','2024-08-17','2024-08-17','TT003'),
('PM00007','DG007','TP','2024-08-18','2024-08-18','TT004'),
('PM00008','DG008','TP','2024-08-19','2024-08-19','TT005'),
('PM00009','DG009','MV','2024-08-20','2024-09-04','TT001'),
('PM00010','DG010','TP','2024-08-08','2024-08-08','TT002'),
('PM00011','DG011','TP','2024-08-09','2024-08-09','TT003'),
('PM00012','DG012','MV','2024-08-10','2024-08-25','TT001'),
('PM00013','DG013','TP','2024-08-11','2024-08-11','TT002'),
('PM00014','DG014','TP','2024-08-12','2024-08-12','TT003'),
('PM00015','DG015','MV','2024-08-13','2024-08-28','TT004'),
('PM00016','DG016','TP','2024-08-14','2024-08-14','TT004'),
('PM00017','DG017','TP','2024-08-15','2024-08-15','TT005'),
('PM00018','DG018','MV','2024-08-16','2024-08-31','TT001'),
('PM00019','DG019','TP','2024-08-04','2024-08-04','TT002'),
('PM00020','DG020','TP','2024-08-05','2024-08-05','TT003'),
('PM00021','DG021','TP','2024-08-06','2024-08-06','TT001'),
('PM00022','DG022','MV','2024-08-07','2024-08-20','TT002'),
('PM00023','DG023','TP','2024-08-08','2024-08-08','TT003'),
('PM00024','DG024','TP','2024-08-09','2024-08-09','TT004'),
('PM00025','DG025','TP','2024-08-10','2024-08-10','TT004'),
('PM00026','DG026','MV','2024-08-11','2024-08-24','TT005'),
('PM00027','DG027','TP','2024-08-12','2024-08-12','TT001'),
('PM00028','DG028','TP','2024-07-31','2024-07-31','TT002'),
('PM00029','DG029','TP','2024-08-01','2024-08-01','TT003'),
('PM00030','DG030','MV','2024-08-02','2024-08-15','TT001'),
('PM00031','DG031','MV','2024-08-03','2024-08-16','TT002'),
('PM00032','DG032','TP','2024-08-04','2024-08-04','TT003'),
('PM00033','DG033','MV','2024-08-05','2024-08-18','TT004'),
('PM00034','DG034','MV','2024-08-06','2024-08-19','TT004'),
('PM00035','DG035','TP','2024-08-07','2024-08-07','TT005'),
('PM00036','DG036','MV','2024-08-08','2024-08-21','TT003'),
('PM00037','DG037','MV','2024-07-27','2024-08-09','TT004'),
('PM00038','DG038','TP','2024-07-28','2024-07-28','TT004'),
('PM00039','DG039','MV','2024-07-29','2024-08-11','TT005'),
('PM00040','DG040','MV','2024-07-30','2024-08-12','TT003'),
('PM00041','DG036','TP','2024-07-31','2024-07-31','TT004'),
('PM00042','DG037','MV','2024-08-01','2024-08-14','TT004'),
('PM00043','DG038','MV','2024-08-02','2024-08-09','TT003'),
('PM00044','DG039','TP','2024-08-03','2024-08-03','TT001'),
('PM00045','DG040','MV','2024-08-04','2024-08-19','TT002'),
('PM00046','DG001','MV','2024-07-23','2024-08-07','TT003'),
('PM00047','DG002','TP','2024-07-24','2024-07-24','TT004'),
('PM00048','DG003','MV','2024-07-25','2024-08-09','TT004'),
('PM00049','DG004','MV','2024-07-26','2024-08-10','TT005'),
('PM00050','DG005','TP','2024-07-27','2024-07-27','TT001'),
('PM00051','DG006','MV','2024-07-28','2024-08-12','TT002'),
('PM00052','DG007','MV','2024-07-29','2024-08-15','TT003'),
('PM00053','DG008','TP','2024-07-30','2024-07-30','TT001'),
('PM00054','DG009','MV','2024-07-31','2024-08-17','TT002'),
('PM00055','DG010','MV','2024-07-19','2024-08-05','TT003'),
('PM00056','DG011','TP','2024-07-20','2024-07-20','TT004'),
('PM00057','DG012','MV','2024-07-21','2024-08-07','TT004'),
('PM00058','DG013','MV','2024-07-22','2024-08-08','TT005'),
('PM00059','DG014','TP','2024-07-23','2024-07-23','TT003'),
('PM00060','DG015','MV','2024-07-24','2024-08-10','TT004'),
('PM00061','DG016','MV','2024-07-25','2024-08-11','TT004'),
('PM00062','DG036','TP','2024-07-26','2024-07-26','TT005'),
('PM00063','DG037','MV','2024-07-27','2024-08-11','TT003'),
('PM00064','DG038','MV','2024-07-15','2024-07-30','TT004'),
('PM00065','DG039','TP','2024-07-16','2024-07-16','TT004'),
('PM00066','DG040','MV','2024-07-17','2024-08-01','TT003'),
('PM00067','DG036','MV','2024-07-18','2024-08-02','TT001'),
('PM00068','DG037','TP','2024-07-19','2024-07-19','TT002'),
('PM00069','DG038','MV','2024-07-20','2024-08-04','TT003'),
('PM00070','DG039','MV','2024-07-21','2024-08-05','TT004'),
('PM00071','DG040','TP','2024-07-22','2024-07-22','TT004'),
('PM00072','DG001','MV','2024-07-23','2024-08-07','TT005'),
('PM00073','DG002','TP','2024-07-11','2024-07-11','TT001'),
('PM00074','DG003','TP','2024-07-12','2024-07-12','TT002'),
('PM00075','DG004','MV','2024-07-13','2024-07-31','TT003'),
('PM00076','DG005','TP','2024-07-14','2024-07-14','TT001'),
('PM00077','DG006','MV','2024-07-15','2024-08-02','TT002'),
('PM00078','DG007','TP','2024-07-16','2024-07-16','TT003'),
('PM00079','DG008','TP','2024-07-17','2024-07-17','TT004'),
('PM00080','DG009','MV','2024-07-18','2024-08-05','TT004'),
('PM00081','DG010','TP','2024-07-19','2024-07-19','TT005'),
('PM00082','DG011','MV','2024-07-07','2024-08-01','TT003'),
('PM00083','DG012','TP','2024-07-08','2024-07-08','TT002'),
('PM00084','DG013','TP','2024-07-09','2024-07-09','TT003'),
('PM00085','DG014','MV','2024-07-10','2024-08-04','TT001'),
('PM00086','DG015','TP','2024-07-11','2024-07-11','TT002'),
('PM00087','DG016','TP','2024-07-12','2024-07-12','TT003'),
('PM00088','DG036','MV','2024-07-13','2024-08-07','TT004'),
('PM00089','DG037','TP','2024-07-14','2024-07-14','TT004'),
('PM00090','DG038','TP','2024-07-15','2024-07-15','TT005'),
('PM00091','DG036','MV','2024-07-03','2024-07-28','TT003'),
('PM00092','DG037','TP','2024-07-04','2024-07-04','TT002'),
('PM00093','DG038','TP','2024-07-05','2024-07-05','TT003'),
('PM00094','DG039','TP','2024-07-06','2024-07-06','TT001'),
('PM00095','DG040','MV','2024-07-07','2024-07-22','TT002'),
('PM00096','DG036','TP','2024-07-08','2024-07-08','TT003'),
('PM00097','DG037','TP','2024-07-09','2024-07-09','TT004'),
('PM00098','DG038','MV','2024-07-10','2024-07-25','TT004'),
('PM00099','DG039','TP','2024-07-11','2024-07-11','TT005'),
('PM00100','DG040','TP','2024-06-29','2024-06-29','TT003'),
('PM00101','DG001','MV','2024-06-30','2024-07-07','TT002'),
('PM00102','DG002','TP','2024-07-01','2024-07-01','TT003'),
('PM00103','DG003','TP','2024-07-02','2024-07-02','TT001'),
('PM00104','DG004','MV','2024-07-03','2024-07-10','TT002'),
('PM00105','DG036','TP','2024-07-04','2024-07-04','TT003'),
('PM00106','DG037','TP','2024-07-05','2024-07-05','TT004'),
('PM00107','DG038','TP','2024-07-06','2024-07-06','TT004'),
('PM00108','DG039','MV','2024-07-07','2024-07-14','TT005'),
('PM00109','DG040','TP','2024-06-25','2024-06-25','TT003'),
('PM00110','DG036','TP','2024-06-26','2024-06-26','TT004'),
('PM00111','DG037','MV','2024-06-27','2024-07-16','TT005'),
('PM00112','DG038','TP','2024-06-28','2024-06-28','TT003'),
('PM00113','DG039','TP','2024-06-29','2024-06-29','TT004'),
('PM00114','DG040','MV','2024-06-30','2024-07-19','TT005'),
('PM00115','DG001','TP','2024-07-01','2024-07-01','TT003'),
('PM00116','DG002','TP','2024-07-02','2024-07-02','TT001'),
('PM00117','DG003','MV','2024-07-03','2024-07-18','TT002'),
('PM00118','DG004','TP','2024-06-21','2024-06-21','TT003'),
('PM00119','DG005','TP','2024-06-22','2024-06-22','TT004'),
('PM00120','DG006','TP','2024-06-23','2024-06-23','TT004'),
('PM00121','DG007','MV','2024-06-24','2024-07-11','TT005'),
('PM00122','DG008','TP','2024-06-25','2024-06-25','TT003'),
('PM00123','DG009','TP','2024-06-26','2024-06-26','TT004'),
('PM00124','DG036','MV','2024-06-27','2024-07-12','TT005'),
('PM00125','DG037','TP','2024-06-28','2024-06-28','TT003'),
('PM00126','DG038','TP','2024-06-29','2024-06-29','TT004'),
('PM00127','DG039','MV','2024-06-17','2024-07-02','TT005'),
('PM00128','DG040','TP','2024-06-18','2024-06-18','TT003'),
('PM00129','DG036','TP','2024-06-19','2024-06-19','TT001'),
('PM00130','DG037','MV','2024-06-20','2024-07-05','TT004'),
('PM00131','DG038','TP','2024-06-21','2024-06-21','TT005'),
('PM00132','DG039','TP','2024-06-22','2024-06-22','TT003'),
('PM00133','DG040','TP','2024-06-23','2024-06-23','TT004'),
('PM00134','DG001','MV','2024-06-24','2024-07-09','TT005'),
('PM00135','DG002','TP','2024-06-25','2024-06-25','TT003'),
('PM00136','DG003','TP','2024-06-13','2024-06-13','TT001'),
('PM00137','DG004','MV','2024-06-14','2024-06-29','TT004'),
('PM00138','DG005','TP','2024-06-15','2024-06-15','TT005'),
('PM00139','DG006','TP','2024-06-16','2024-06-16','TT003'),
('PM00140','DG007','MV','2024-06-17','2024-07-02','TT004'),
('PM00141','DG008','TP','2024-06-18','2024-06-18','TT005'),
('PM00142','DG009','TP','2024-06-19','2024-06-19','TT003'),
('PM00143','DG010','MV','2024-06-20','2024-07-05','TT001'),
('PM00144','DG011','TP','2024-06-21','2024-06-21','TT004'),
('PM00145','DG012','TP','2024-06-09','2024-06-09','TT005'),
('PM00146','DG013','MV','2024-06-10','2024-06-28','TT003'),
('PM00147','DG014','TP','2024-06-11','2024-06-11','TT001'),
('PM00148','DG015','TP','2024-06-12','2024-06-12','TT004'),
('PM00149','DG016','MV','2024-06-13','2024-07-01','TT005'),
('PM00150','DG036','TP','2024-06-14','2024-06-14','TT003'),
('PM00151','DG037','TP','2024-06-15','2024-06-15','TT001'),
('PM00152','DG038','MV','2024-06-16','2024-07-04','TT001'),
('PM00153','DG039','TP','2024-06-17','2024-06-17','TT004'),
('PM00154','DG040','TP','2024-06-05','2024-06-05','TT005'),
('PM00155','DG036','MV','2024-06-06','2024-06-24','TT003'),
('PM00156','DG037','TP','2024-06-07','2024-06-07','TT001'),
('PM00157','DG038','TP','2024-06-08','2024-06-08','TT001'),
('PM00158','DG039','MV','2024-06-09','2024-06-27','TT004'),
('PM00159','DG040','TP','2024-06-10','2024-06-10','TT005'),
('PM00160','DG001','TP','2024-06-11','2024-06-11','TT003'),
('PM00161','DG002','MV','2024-06-12','2024-06-30','TT001'),
('PM00162','DG003','TP','2024-06-13','2024-06-13','TT001'),
('PM00163','DG004','TP','2024-06-01','2024-06-01','TT004'),
('PM00164','DG005','MV','2024-06-02','2024-06-20','TT005'),
('PM00165','DG006','TP','2024-06-03','2024-06-03','TT003'),
('PM00166','DG007','TP','2024-06-04','2024-06-04','TT003'),
('PM00167','DG008','TP','2024-06-05','2024-06-05','TT004'),
('PM00168','DG009','MV','2024-06-06','2024-06-24','TT004'),
('PM00169','DG010','MV','2024-06-07','2024-06-25','TT003'),
('PM00170','DG011','MV','2024-06-08','2024-06-26','TT001'),
('PM00171','DG012','MV','2024-06-09','2024-06-27','TT002'),
('PM00172','DG013','MV','2024-05-28','2024-06-15','TT003'),
('PM00173','DG014','TP','2024-05-29','2024-05-29','TT004'),
('PM00174','DG015','MV','2024-05-30','2024-06-17','TT004'),
('PM00175','DG016','MV','2024-05-31','2024-06-18','TT005'),
('PM00176','DG036','TP','2024-06-01','2024-06-01','TT001'),
('PM00177','DG037','MV','2024-06-02','2024-06-20','TT002'),
('PM00178','DG038','MV','2024-06-03','2024-06-21','TT003'),
('PM00179','DG036','TP','2024-06-04','2024-06-04','TT001'),
('PM00180','DG037','MV','2024-06-05','2024-06-23','TT002'),
('PM00181','DG038','TP','2024-05-24','2024-05-24','TT003'),
('PM00182','DG039','TP','2024-05-25','2024-05-25','TT004'),
('PM00183','DG040','MV','2024-05-26','2024-06-13','TT004'),
('PM00184','DG036','TP','2024-05-27','2024-05-27','TT005'),
('PM00185','DG037','TP','2024-05-28','2024-05-28','TT003'),
('PM00186','DG038','MV','2024-05-29','2024-06-16','TT004'),
('PM00187','DG039','TP','2024-05-30','2024-05-30','TT004'),
('PM00188','DG040','TP','2024-05-31','2024-05-31','TT005'),
('PM00189','DG001','TP','2024-06-01','2024-06-01','TT003'),
('PM00190','DG002','MV','2024-05-20','2024-06-07','TT004'),
('PM00191','DG003','MV','2024-05-21','2024-06-08','TT004'),
('PM00192','DG004','MV','2024-05-22','2024-06-09','TT003'),
('PM00193','DG036','MV','2024-05-23','2024-06-10','TT001'),
('PM00194','DG037','MV','2024-05-24','2024-06-11','TT002'),
('PM00195','DG038','TP','2024-05-25','2024-05-25','TT003'),
('PM00196','DG039','MV','2024-05-26','2024-06-13','TT004'),
('PM00197','DG040','MV','2024-05-27','2024-06-14','TT004'),
('PM00198','DG036','TP','2024-05-28','2024-05-28','TT005'),
('PM00199','DG037','MV','2024-05-16','2024-06-03','TT001'),
('PM00200','DG038','MV','2024-05-17','2024-06-04','TT002'),
('PM00201','DG039','TP','2024-05-18','2024-05-18','TT003'),
('PM00202','DG040','MV','2024-05-19','2024-06-06','TT001'),
('PM00203','DG001','TP','2024-05-20','2024-05-20','TT002'),
('PM00204','DG002','TP','2024-05-21','2024-05-21','TT003'),
('PM00205','DG003','MV','2024-05-22','2024-06-09','TT004'),
('PM00206','DG004','TP','2024-05-23','2024-05-23','TT004'),
('PM00207','DG005','TP','2024-05-24','2024-05-24','TT005'),
('PM00208','DG006','MV','2024-05-12','2024-05-30','TT003'),
('PM00209','DG007','TP','2024-05-13','2024-05-13','TT002'),
('PM00210','DG008','TP','2024-05-14','2024-05-14','TT003'),
('PM00211','DG009','TP','2024-05-15','2024-05-15','TT001'),
('PM00212','DG036','MV','2024-05-16','2024-06-03','TT002'),
('PM00213','DG037','MV','2024-05-17','2024-06-04','TT003'),
('PM00214','DG038','MV','2024-05-18','2024-06-05','TT004'),
('PM00215','DG039','MV','2024-05-19','2024-06-06','TT004'),
('PM00216','DG040','MV','2024-05-20','2024-06-07','TT005'),
('PM00217','DG036','TP','2024-05-08','2024-05-08','TT003'),
('PM00218','DG037','MV','2024-05-09','2024-05-27','TT002'),
('PM00219','DG038','MV','2024-05-10','2024-05-28','TT003'),
('PM00220','DG039','TP','2024-05-11','2024-05-11','TT001'),
('PM00221','DG040','MV','2024-05-12','2024-05-30','TT002'),
('PM00222','DG001','MV','2024-05-13','2024-05-31','TT003'),
('PM00223','DG002','TP','2024-05-14','2024-05-14','TT004'),
('PM00224','DG003','MV','2024-05-15','2024-06-02','TT004'),
('PM00225','DG004','TP','2024-05-16','2024-05-16','TT005'),
('PM00226','DG005','TP','2024-05-04','2024-05-04','TT003'),
('PM00227','DG006','MV','2024-05-05','2024-05-23','TT002'),
('PM00228','DG007','TP','2024-05-06','2024-05-06','TT003'),
('PM00229','DG008','TP','2024-05-07','2024-05-07','TT001'),
('PM00230','DG009','MV','2024-05-08','2024-05-26','TT002'),
('PM00231','DG010','TP','2024-05-09','2024-05-09','TT003'),
('PM00232','DG011','TP','2024-05-10','2024-05-10','TT004'),
('PM00233','DG012','TP','2024-05-11','2024-05-11','TT004'),
('PM00234','DG013','MV','2024-05-12','2024-06-01','TT005'),
('PM00235','DG014','MV','2024-04-30','2024-05-20','TT003'),
('PM00236','DG015','MV','2024-05-01','2024-05-21','TT004'),
('PM00237','DG016','MV','2024-05-02','2024-05-22','TT005'),
('PM00238','DG036','MV','2024-05-03','2024-05-23','TT003'),
('PM00239','DG037','TP','2024-05-04','2024-05-04','TT004'),
('PM00240','DG038','MV','2024-05-05','2024-05-20','TT005'),
('PM00241','DG039','MV','2024-05-06','2024-05-21','TT003'),
('PM00242','DG040','TP','2024-05-07','2024-05-07','TT001'),
('PM00243','DG036','MV','2024-05-08','2024-05-23','TT002'),
('PM00244','DG037','MV','2024-04-26','2024-05-11','TT003'),
('PM00245','DG038','TP','2024-04-27','2024-04-27','TT004'),
('PM00246','DG039','MV','2024-04-28','2024-05-13','TT004'),
('PM00247','DG040','TP','2024-04-29','2024-04-29','TT005'),
('PM00248','DG001','TP','2024-04-30','2024-04-30','TT003'),
('PM00249','DG002','MV','2024-05-01','2024-05-16','TT004')

-- select * from ct_phieu_muon
insert into ct_phieu_muon values
('PM00001','S001',null),
('PM00002','S002',null),
('PM00003','S003',null),
('PM00004','S004',null),
('PM00005','S005',null),
('PM00006','S006',null),
('PM00007','S007',null),
('PM00008','S008',null),
('PM00009','S009',null),
('PM00010','S010',null),
('PM00011','S011',null),
('PM00012','S012',null),
('PM00013','S013',null),
('PM00014','S014',null),
('PM00015','S015',null),
('PM00016','S016',null),
('PM00017','S017',null),
('PM00018','S018',null),
('PM00019','S019',null),
('PM00020','S020',null),
('PM00021','S021',null),
('PM00022','S022',null),
('PM00023','S023',null),
('PM00024','S024',null),
('PM00025','S025',null),
('PM00026','S026',null),
('PM00027','S027',null),
('PM00028','S028',null),
('PM00029','S029',null),
('PM00030','S030',null),
('PM00031','S031',null),
('PM00032','S032',null),
('PM00033','S033',null),
('PM00034','S034',null),
('PM00035','S035',null),
('PM00036','S036',null),
('PM00037','S037',null),
('PM00038','S038',null),
('PM00039','S039',null),
('PM00040','S040',null),
('PM00041','S041',null),
('PM00042','S042',null),
('PM00043','S043',null),
('PM00044','S044',null),
('PM00045','S045',null),
('PM00046','S046',null),
('PM00047','S047',null),
('PM00048','S048',null),
('PM00049','S049',null),
('PM00050','S050',null),
('PM00051','S051',null),
('PM00052','S052',null),
('PM00053','S053',null),
('PM00054','S054',null),
('PM00055','S055',null),
('PM00056','S056',null),
('PM00057','S057',null),
('PM00058','S058',null),
('PM00059','S059',null),
('PM00060','S060',null),
('PM00061','S041',null),
('PM00062','S042',null),
('PM00063','S043',null),
('PM00064','S044',null),
('PM00065','S045',null),
('PM00066','S046',null),
('PM00067','S047',null),
('PM00068','S048',null),
('PM00069','S049',null),
('PM00070','S050',null),
('PM00071','S051',null),
('PM00072','S052',null),
('PM00073','S053',null),
('PM00074','S054',null),
('PM00075','S055',null),
('PM00076','S056',null),
('PM00077','S057',null),
('PM00078','S058',null),
('PM00079','S059',null),
('PM00080','S060',null),
('PM00081','S001',null),
('PM00082','S002',null),
('PM00083','S003',null),
('PM00084','S004',null),
('PM00085','S005',null),
('PM00086','S006',null),
('PM00087','S007',null),
('PM00088','S008',null),
('PM00089','S009',null),
('PM00090','S001',null),
('PM00091','S002',null),
('PM00092','S003',null),
('PM00093','S004',null),
('PM00094','S005',null),
('PM00095','S006',null),
('PM00096','S007',null),
('PM00097','S008',null),
('PM00098','S009',null),
('PM00099','S010',null),
('PM00100','S011',null),
('PM00101','S012',null),
('PM00102','S013',null),
('PM00103','S014',null),
('PM00104','S015',null),
('PM00105','S016',null),
('PM00106','S017',null),
('PM00107','S018',null),
('PM00108','S019',null),
('PM00109','S020',null),
('PM00110','S021',null),
('PM00111','S022',null),
('PM00112','S023',null),
('PM00113','S024',null),
('PM00114','S001',null),
('PM00115','S002',null),
('PM00116','S003',null),
('PM00117','S004',null),
('PM00118','S005',null),
('PM00119','S006',null),
('PM00120','S007',null),
('PM00121','S008',null),
('PM00122','S009',null),
('PM00123','S010',null),
('PM00124','S011',null),
('PM00125','S012',null),
('PM00126','S013',null),
('PM00127','S001',null),
('PM00128','S002',null),
('PM00129','S003',null),
('PM00130','S004',null),
('PM00131','S005',null),
('PM00132','S006',null),
('PM00133','S007',null),
('PM00134','S008',null),
('PM00135','S009',null),
('PM00136','S010',null),
('PM00137','S011',null),
('PM00138','S012',null),
('PM00139','S001',null),
('PM00140','S002',null),
('PM00141','S003',null),
('PM00142','S004',null),
('PM00143','S005',null),
('PM00144','S006',null),
('PM00145','S007',null),
('PM00146','S008',null),
('PM00147','S009',null),
('PM00148','S010',null),
('PM00149','S011',null),
('PM00150','S012',null),
('PM00151','S013',null),
('PM00152','S014',null),
('PM00153','S015',null),
('PM00154','S016',null),
('PM00155','S017',null),
('PM00156','S018',null),
('PM00157','S019',null),
('PM00158','S020',null),
('PM00159','S021',null),
('PM00160','S022',null),
('PM00161','S023',null),
('PM00162','S024',null),
('PM00163','S025',null),
('PM00164','S026',null),
('PM00165','S027',null),
('PM00166','S028',null),
('PM00167','S029',null),
('PM00168','S030',null),
('PM00169','S031',null),
('PM00170','S032',null),
('PM00171','S033',null),
('PM00172','S034',null),
('PM00173','S035',null),
('PM00174','S036',null),
('PM00175','S037',null),
('PM00176','S038',null),
('PM00177','S039',null),
('PM00178','S040',null),
('PM00179','S041',null),
('PM00180','S042',null),
('PM00181','S043',null),
('PM00182','S044',null),
('PM00183','S045',null),
('PM00184','S046',null),
('PM00185','S047',null),
('PM00186','S048',null),
('PM00187','S049',null),
('PM00188','S050',null),
('PM00189','S051',null),
('PM00190','S052',null),
('PM00191','S053',null),
('PM00192','S054',null),
('PM00193','S055',null),
('PM00194','S056',null),
('PM00195','S057',null),
('PM00196','S058',null),
('PM00197','S059',null),
('PM00198','S060',null),
('PM00199','S041',null),
('PM00200','S042',null),
('PM00201','S043',null),
('PM00202','S044',null),
('PM00203','S045',null),
('PM00204','S046',null),
('PM00205','S047',null),
('PM00206','S048',null),
('PM00207','S049',null),
('PM00208','S050',null),
('PM00209','S051',null),
('PM00210','S052',null),
('PM00211','S053',null),
('PM00212','S054',null),
('PM00213','S055',null),
('PM00214','S056',null),
('PM00215','S057',null),
('PM00216','S058',null),
('PM00217','S059',null),
('PM00218','S060',null),
('PM00219','S001',null),
('PM00220','S002',null),
('PM00221','S003',null),
('PM00222','S004',null),
('PM00223','S005',null),
('PM00224','S001',null),
('PM00225','S002',null),
('PM00226','S003',null),
('PM00227','S004',null),
('PM00228','S005',null),
('PM00229','S006',null),
('PM00230','S007',null),
('PM00231','S008',null),
('PM00232','S009',null),
('PM00233','S010',null),
('PM00234','S011',null),
('PM00235','S012',null),
('PM00236','S013',null),
('PM00237','S001',null),
('PM00238','S002',null),
('PM00239','S003',null),
('PM00240','S004',null),
('PM00241','S005',null),
('PM00242','S006',null),
('PM00243','S007',null),
('PM00244','S008',null),
('PM00245','S009',null),
('PM00246','S010',null),
('PM00247','S011',null),
('PM00248','S012',null),
('PM00249','S013',null)

-- select * from vi_pham
insert into VI_PHAM values
('VP1',N'Viết hoặc vẽ lên sách',N'Cảnh cáo'),
('VP2',N'Làm rách hoặc bung gáy sách',N'Đền kinh phí tu bổ từ 10000đ - 20000đ tùy theo giá bìa cứng hoặc bìa mềm'),
('VP3',N'Làm mất sách',N'Đền tiền bằng giá bìa'),
('VP4',N'Quá hạn',N'Nộp lệ phí quá hạn 3000đ/ tài liệu/ ngày')

-- select * from phieu_phat
insert into phieu_phat values
('PP00052','PM00052','TT003','2024-08-15'),
('PP00054','PM00054','TT002','2024-08-17'),
('PP00055','PM00055','TT003','2024-08-05'),
('PP00057','PM00057','TT004','2024-08-07'),
('PP00058','PM00058','TT005','2024-08-08'),
('PP00060','PM00060','TT004','2024-08-10'),
('PP00061','PM00061','TT004','2024-08-11'),
('PP00075','PM00075','TT003','2024-07-31'),
('PP00077','PM00077','TT002','2024-08-02'),
('PP00080','PM00080','TT004','2024-08-05'),
('PP00082','PM00082','TT003','2024-08-01'),
('PP00085','PM00085','TT001','2024-08-04'),
('PP00088','PM00088','TT004','2024-08-07'),
('PP00091','PM00091','TT003','2024-07-28'),
('PP00111','PM00111','TT005','2024-07-16'),
('PP00114','PM00114','TT005','2024-07-19'),
('PP00121','PM00121','TT005','2024-07-11'),
('PP00146','PM00146','TT003','2024-06-28'),
('PP00149','PM00149','TT005','2024-07-01'),
('PP00152','PM00152','TT001','2024-07-04'),
('PP00155','PM00155','TT003','2024-06-24'),
('PP00158','PM00158','TT004','2024-06-27'),
('PP00161','PM00161','TT001','2024-06-30'),
('PP00164','PM00164','TT005','2024-06-20'),
('PP00168','PM00168','TT004','2024-06-24'),
('PP00169','PM00169','TT003','2024-06-25'),
('PP00170','PM00170','TT001','2024-06-26'),
('PP00171','PM00171','TT002','2024-06-27'),
('PP00172','PM00172','TT003','2024-06-15'),
('PP00174','PM00174','TT004','2024-06-17'),
('PP00175','PM00175','TT005','2024-06-18'),
('PP00177','PM00177','TT002','2024-06-20'),
('PP00178','PM00178','TT003','2024-06-21'),
('PP00180','PM00180','TT002','2024-06-23'),
('PP00183','PM00183','TT004','2024-06-13'),
('PP00186','PM00186','TT004','2024-06-16'),
('PP00190','PM00190','TT004','2024-06-07'),
('PP00191','PM00191','TT004','2024-06-08'),
('PP00192','PM00192','TT003','2024-06-09'),
('PP00193','PM00193','TT001','2024-06-10'),
('PP00194','PM00194','TT002','2024-06-11'),
('PP00196','PM00196','TT004','2024-06-13'),
('PP00197','PM00197','TT004','2024-06-14'),
('PP00199','PM00199','TT001','2024-06-03'),
('PP00200','PM00200','TT002','2024-06-04'),
('PP00202','PM00202','TT001','2024-06-06'),
('PP00205','PM00205','TT004','2024-06-09'),
('PP00208','PM00208','TT003','2024-05-30'),
('PP00212','PM00212','TT002','2024-06-03'),
('PP00213','PM00213','TT003','2024-06-04'),
('PP00214','PM00214','TT004','2024-06-05'),
('PP00215','PM00215','TT004','2024-06-06'),
('PP00216','PM00216','TT005','2024-06-07'),
('PP00218','PM00218','TT002','2024-05-27'),
('PP00219','PM00219','TT003','2024-05-28'),
('PP00221','PM00221','TT002','2024-05-30'),
('PP00222','PM00222','TT003','2024-05-31'),
('PP00224','PM00224','TT004','2024-06-02'),
('PP00227','PM00227','TT002','2024-05-23'),
('PP00230','PM00230','TT002','2024-05-26'),
('PP00234','PM00234','TT005','2024-06-01'),
('PP00235','PM00235','TT003','2024-05-20'),
('PP00236','PM00236','TT004','2024-05-21'),
('PP00021','PM00021','TT001','2024-08-06'),
('PP00022','PM00022','TT002','2024-08-22'),
('PP00023','PM00023','TT003','2024-08-08'),
('PP00024','PM00024','TT004','2024-08-09'),
('PP00025','PM00025','TT004','2024-08-10'),
('PP00026','PM00026','TT005','2024-08-26'),
('PP00027','PM00027','TT001','2024-08-12'),
('PP00028','PM00028','TT002','2024-07-31'),
('PP00029','PM00029','TT003','2024-08-01')

-- select * from ct_phieu_phat
insert into ct_phieu_phat values
('PP00052',N'VP4',N'S052',N'6000',N'Quá hạn 2 ngày'),
('PP00054',N'VP4',N'S054',N'6000',N'Quá hạn 2 ngày'),
('PP00055',N'VP4',N'S055',N'6000',N'Quá hạn 2 ngày'),
('PP00057',N'VP4',N'S057',N'6000',N'Quá hạn 2 ngày'),
('PP00058',N'VP4',N'S058',N'6000',N'Quá hạn 2 ngày'),
('PP00060',N'VP4',N'S060',N'6000',N'Quá hạn 2 ngày'),
('PP00061',N'VP4',N'S041',N'6000',N'Quá hạn 2 ngày'),
('PP00075',N'VP4',N'S055',N'9000',N'Quá hạn 3 ngày'),
('PP00077',N'VP4',N'S057',N'9000',N'Quá hạn 3 ngày'),
('PP00080',N'VP4',N'S060',N'9000',N'Quá hạn 3 ngày'),
('PP00082',N'VP4',N'S002',N'30000',N'Quá hạn 10 ngày'),
('PP00085',N'VP4',N'S005',N'30000',N'Quá hạn 10 ngày'),
('PP00088',N'VP4',N'S008',N'30000',N'Quá hạn 10 ngày'),
('PP00091',N'VP4',N'S002',N'30000',N'Quá hạn 10 ngày'),
('PP00111',N'VP4',N'S022',N'12000',N'Quá hạn 4 ngày'),
('PP00114',N'VP4',N'S001',N'12000',N'Quá hạn 4 ngày'),
('PP00121',N'VP4',N'S008',N'6000',N'Quá hạn 2 ngày'),
('PP00146',N'VP4',N'S008',N'9000',N'Quá hạn 3 ngày'),
('PP00149',N'VP4',N'S011',N'9000',N'Quá hạn 3 ngày'),
('PP00152',N'VP4',N'S014',N'9000',N'Quá hạn 3 ngày'),
('PP00155',N'VP4',N'S017',N'9000',N'Quá hạn 3 ngày'),
('PP00158',N'VP4',N'S020',N'9000',N'Quá hạn 3 ngày'),
('PP00161',N'VP4',N'S023',N'9000',N'Quá hạn 3 ngày'),
('PP00164',N'VP4',N'S026',N'9000',N'Quá hạn 3 ngày'),
('PP00168',N'VP4',N'S030',N'9000',N'Quá hạn 3 ngày'),
('PP00169',N'VP4',N'S031',N'9000',N'Quá hạn 3 ngày'),
('PP00170',N'VP4',N'S032',N'9000',N'Quá hạn 3 ngày'),
('PP00171',N'VP4',N'S033',N'9000',N'Quá hạn 3 ngày'),
('PP00172',N'VP4',N'S034',N'9000',N'Quá hạn 3 ngày'),
('PP00174',N'VP4',N'S036',N'9000',N'Quá hạn 3 ngày'),
('PP00175',N'VP4',N'S037',N'9000',N'Quá hạn 3 ngày'),
('PP00177',N'VP4',N'S039',N'9000',N'Quá hạn 3 ngày'),
('PP00178',N'VP4',N'S040',N'9000',N'Quá hạn 3 ngày'),
('PP00180',N'VP4',N'S042',N'9000',N'Quá hạn 3 ngày'),
('PP00183',N'VP4',N'S045',N'9000',N'Quá hạn 3 ngày'),
('PP00186',N'VP4',N'S048',N'9000',N'Quá hạn 3 ngày'),
('PP00190',N'VP4',N'S052',N'9000',N'Quá hạn 3 ngày'),
('PP00191',N'VP4',N'S053',N'9000',N'Quá hạn 3 ngày'),
('PP00192',N'VP4',N'S054',N'9000',N'Quá hạn 3 ngày'),
('PP00193',N'VP4',N'S055',N'9000',N'Quá hạn 3 ngày'),
('PP00194',N'VP4',N'S056',N'9000',N'Quá hạn 3 ngày'),
('PP00196',N'VP4',N'S058',N'9000',N'Quá hạn 3 ngày'),
('PP00197',N'VP4',N'S059',N'9000',N'Quá hạn 3 ngày'),
('PP00199',N'VP4',N'S041',N'9000',N'Quá hạn 3 ngày'),
('PP00200',N'VP4',N'S042',N'9000',N'Quá hạn 3 ngày'),
('PP00202',N'VP4',N'S044',N'9000',N'Quá hạn 3 ngày'),
('PP00205',N'VP4',N'S047',N'9000',N'Quá hạn 3 ngày'),
('PP00208',N'VP4',N'S050',N'9000',N'Quá hạn 3 ngày'),
('PP00212',N'VP4',N'S054',N'9000',N'Quá hạn 3 ngày'),
('PP00213',N'VP4',N'S055',N'9000',N'Quá hạn 3 ngày'),
('PP00214',N'VP4',N'S056',N'9000',N'Quá hạn 3 ngày'),
('PP00215',N'VP4',N'S057',N'9000',N'Quá hạn 3 ngày'),
('PP00216',N'VP4',N'S058',N'9000',N'Quá hạn 3 ngày'),
('PP00218',N'VP4',N'S060',N'9000',N'Quá hạn 3 ngày'),
('PP00219',N'VP4',N'S001',N'9000',N'Quá hạn 3 ngày'),
('PP00221',N'VP4',N'S003',N'9000',N'Quá hạn 3 ngày'),
('PP00222',N'VP4',N'S004',N'9000',N'Quá hạn 3 ngày'),
('PP00224',N'VP4',N'S001',N'9000',N'Quá hạn 3 ngày'),
('PP00227',N'VP4',N'S004',N'9000',N'Quá hạn 3 ngày'),
('PP00230',N'VP4',N'S007',N'9000',N'Quá hạn 3 ngày'),
('PP00234',N'VP4',N'S011',N'15000',N'Quá hạn 5 ngày'),
('PP00235',N'VP4',N'S012',N'15000',N'Quá hạn 5 ngày'),
('PP00236',N'VP4',N'S013',N'15000',N'Quá hạn 5 ngày'),
('PP00021',N'VP1',N'S021',N'0',N'Viết vào trang 23, 45'),
('PP00022',N'VP2',N'S022',N'15000',N'Làm rách trang 123, 99'),
('PP00023',N'VP3',N'S023',N'120000',N'Mất sách'),
('PP00024',N'VP1',N'S024',N'0',N'Ký tên vào bìa sách'),
('PP00025',N'VP3',N'S025',N'130000',N'Mất sách'),
('PP00026',N'VP2',N'S026',N'15000',N'Làm rách trang 67'),
('PP00027',N'VP1',N'S027',N'0',N'Vẽ hình vào trang 78, 90'),
('PP00028',N'VP2',N'S028',N'20000',N'Bung gáy sách '),
('PP00029',N'VP2',N'S029',N'15000',N'Làm rách trang 99, 123')

